name,scope,type,default,units,lifecycle,meaning,used_in(funcs),notes
Minimal_Deposit,global extern,string,"""$200""",,read at start() gates,Informational banner text; not used for logic.,,
Time_Frame,global extern,string,"""Time Frame M1""",,read at start() gates,Informational banner text for recommended timeframe; not used for logic.,,
Pairs,global extern,string,"""EurUsd""",,read at start() gates,Informational banner text for suggested symbol; not used for logic.,,
Use_Daily_Target,global extern,bool,true,,read at start() gates,"If true, close ALL open positions for this symbol/magic when today’s cumulative profit >= Daily_Target.",start,
Daily_Target,global extern,double,100,,read at start() gates,Target profit for current day in account currency; used with Use_Daily_Target.,start,
Hidden_TP,global extern,bool,true,,read at start() gates,"If true, use a “hidden/basket” take-profit: sum profit across orders and close all when profit >= Hiden_TP.",start,
Hiden_TP,global extern,double,500,,read at start() gates,Hidden basket TP threshold in account currency (mis‑spelled in code); when reached closes all open orders of this EA on the symbol.,start,
Lot,global extern,double,0.01,,read at start() gates,Base lot size (when using fixed lot mode or as the base before progression).,"init,start",
LotMultiplikator,global extern,double,1.21,,read at start() gates,Lot multiplier for progression (martingale‑style) when I_i_77 == 1.,start,
TakeProfit,global extern,double,34,,read at start() gates,Target in POINTS (multiplied by _Point) added/subtracted from weighted average price for basket TP.,start,
Step,global extern,double,21,,read at start() gates,Minimum distance in POINTS between successive entries on the same side before adding another position.,start,
Averaging,global extern,double,1,,read at start() gates,How many successful sends (I_i_76) before increasing the base lot (bump once then reset).,start,
MaxTrades,global extern,int,31,,read at start() gates,Maximum number of concurrent market orders allowed for this symbol/magic.,start,
UseEquityStop,global extern,bool,,,read at start() gates,"If true and current symbol’s floating P/L is negative, compute risk vs equity and close basket if drawdown exceeds TotalEquityRisk %.",start,
TotalEquityRisk,global extern,double,20,,read at start() gates,Percent of equity permitted as drawdown before the EA force‑closes the basket (UseEquityStop).,start,
Open_Hour,global extern,int,,,read at start() gates,Session start hour (0–23). 24 is normalized to 0. Used with Close_Hour to gate trading.,start,
Close_Hour,global extern,int,23,,read at start() gates,Session end hour (0–23). 24 is normalized to 0.,start,
TradeOnThursday,global extern,bool,true,,read at start() gates,Enable trading on Thursday; with Thursday_Hour as cut‑off.,start,
Thursday_Hour,global extern,int,12,,read at start() gates,Hour after which Thursday trading is disabled if TradeOnThursday is true.,start,
TradeOnFriday,global extern,bool,true,,read at start() gates,Enable trading on Friday; with Friday_Hour as cut‑off.,start,
Friday_Hour,global extern,int,20,,read at start() gates,Hour after which Friday trading is disabled if TradeOnFriday is true.,start,
Filter_Sideway,global extern,bool,true,,read at start() gates,Declared but not used in logic (no references).,,
Filter_News,global extern,bool,true,,read at start() gates,Declared but not used in logic (no references).,,
invisible_mode,global extern,bool,true,,read at start() gates,Declared but not used in logic (no references).,,
OpenRangePips,global extern,double,1,,read at start() gates,Daily open range threshold (POINTS) used with MaxDailyRange gate before entries are allowed.,start,
MaxDailyRange,global extern,double,20000,,read at start() gates,Max daily range (POINTS) relative to open; used to gate trading after excessive expansion.,start,
I_s_0,global,string,,,read/write in flow,internal scratch/accumulator; inferred from usage,"init,start",auto-generated
I_i_0,global,int,,,read/write in flow,Symbol-specific MAGIC number (set in init() per symbol).,"init,start",auto-generated
I_d_0,global,double,,,read/write in flow,internal scratch/accumulator; inferred from usage,,auto-generated
I_d_1,global,double,,,read/write in flow,internal scratch/accumulator; inferred from usage,init,auto-generated
I_i_1,global,int,,,read/write in flow,internal scratch/accumulator; inferred from usage,"start,f0_15",auto-generated
G_d_2,global,double,,,read/write in flow,internal scratch/accumulator; inferred from usage,"start,f0_1,f0_15,f0_18",auto-generated
G_i_2,global,int,,,read/write in flow,internal scratch/accumulator; inferred from usage,start,auto-generated
G_i_3,global,int,,,read/write in flow,internal scratch/accumulator; inferred from usage,"start,f0_15",auto-generated
G_d_3,global,double,,,read/write in flow,internal scratch/accumulator; inferred from usage,"start,f0_15",auto-generated
G_i_4,global,int,,,read/write in flow,internal scratch/accumulator; inferred from usage,start,auto-generated
G_i_5,global,int,,,read/write in flow,internal scratch/accumulator; inferred from usage,"start,f0_15",auto-generated
G_i_6,global,int,,,read/write in flow,internal scratch/accumulator; inferred from usage,start,auto-generated
G_i_7,global,int,,,read/write in flow,internal scratch/accumulator; inferred from usage,start,auto-generated
G_i_8,global,int,,,read/write in flow,internal scratch/accumulator; inferred from usage,"start,f0_15",auto-generated
G_i_9,global,int,,,read/write in flow,internal scratch/accumulator; inferred from usage,start,auto-generated
G_i_10,global,int,,,read/write in flow,internal scratch/accumulator; inferred from usage,start,auto-generated
G_i_11,global,int,,,read/write in flow,internal scratch/accumulator; inferred from usage,"start,f0_15",auto-generated
G_i_12,global,int,,,read/write in flow,internal scratch/accumulator; inferred from usage,start,auto-generated
G_i_13,global,int,,,read/write in flow,internal scratch/accumulator; inferred from usage,start,auto-generated
G_i_14,global,int,,,read/write in flow,internal scratch/accumulator; inferred from usage,"start,f0_15",auto-generated
G_i_15,global,int,,,read/write in flow,internal scratch/accumulator; inferred from usage,start,auto-generated
G_d_4,global,double,,,read/write in flow,Running floating P/L across all orders in this symbol/magic (negative triggers equity stop checks).,"start,f0_15",auto-generated
G_i_16,global,int,,,read/write in flow,internal scratch/accumulator; inferred from usage,"start,f0_15",auto-generated
G_i_17,global,int,,,read/write in flow,internal scratch/accumulator; inferred from usage,start,auto-generated
G_i_18,global,int,,,read/write in flow,internal scratch/accumulator; inferred from usage,start,auto-generated
G_i_19,global,int,,,read/write in flow,internal scratch/accumulator; inferred from usage,"start,f0_15",auto-generated
G_i_20,global,int,,,read/write in flow,internal scratch/accumulator; inferred from usage,start,auto-generated
G_d_5,global,double,,,read/write in flow,internal scratch/accumulator; inferred from usage,"start,f0_15",auto-generated
G_i_21,global,int,,,read/write in flow,internal scratch/accumulator; inferred from usage,"start,f0_15",auto-generated
G_i_22,global,int,,,read/write in flow,internal scratch/accumulator; inferred from usage,start,auto-generated
G_i_23,global,int,,,read/write in flow,internal scratch/accumulator; inferred from usage,start,auto-generated
G_d_6,global,double,,,read/write in flow,internal scratch/accumulator; inferred from usage,start,auto-generated
G_i_24,global,int,,,read/write in flow,internal scratch/accumulator; inferred from usage,start,auto-generated
G_i_25,global,int,,,read/write in flow,internal scratch/accumulator; inferred from usage,start,auto-generated
G_i_26,global,int,,,read/write in flow,internal scratch/accumulator; inferred from usage,"start,f0_15",auto-generated
G_d_7,global,double,,,read/write in flow,internal scratch/accumulator; inferred from usage,"start,f0_15",auto-generated
G_i_27,global,int,,,read/write in flow,internal scratch/accumulator; inferred from usage,start,auto-generated
G_i_28,global,int,,,read/write in flow,internal scratch/accumulator; inferred from usage,"start,f0_15",auto-generated
G_i_29,global,int,,,read/write in flow,internal scratch/accumulator; inferred from usage,start,auto-generated
G_d_8,global,double,,,read/write in flow,internal scratch/accumulator; inferred from usage,"start,f0_15",auto-generated
G_i_30,global,int,,,read/write in flow,internal scratch/accumulator; inferred from usage,"start,f0_15",auto-generated
G_i_31,global,int,,,read/write in flow,internal scratch/accumulator; inferred from usage,"start,f0_15",auto-generated
G_i_32,global,int,,,read/write in flow,internal scratch/accumulator; inferred from usage,start,auto-generated
G_d_9,global,double,,,read/write in flow,internal scratch/accumulator; inferred from usage,start,auto-generated
G_d_10,global,double,,,read/write in flow,internal scratch/accumulator; inferred from usage,"start,f0_15",auto-generated
G_i_33,global,int,,,read/write in flow,internal scratch/accumulator; inferred from usage,"start,f0_15",auto-generated
G_i_34,global,int,,,read/write in flow,internal scratch/accumulator; inferred from usage,start,auto-generated
G_d_11,global,double,,,read/write in flow,internal scratch/accumulator; inferred from usage,start,auto-generated
G_i_35,global,int,,,read/write in flow,internal scratch/accumulator; inferred from usage,"start,f0_15",auto-generated
G_i_36,global,int,,,read/write in flow,internal scratch/accumulator; inferred from usage,"start,f0_15",auto-generated
G_i_37,global,int,,,read/write in flow,internal scratch/accumulator; inferred from usage,start,auto-generated
G_d_12,global,double,,,read/write in flow,internal scratch/accumulator; inferred from usage,start,auto-generated
G_d_13,global,double,,,read/write in flow,internal scratch/accumulator; inferred from usage,"start,f0_15",auto-generated
G_i_38,global,int,,,read/write in flow,internal scratch/accumulator; inferred from usage,"start,f0_15",auto-generated
G_i_39,global,int,,,read/write in flow,internal scratch/accumulator; inferred from usage,start,auto-generated
G_d_14,global,double,,,read/write in flow,internal scratch/accumulator; inferred from usage,start,auto-generated
G_i_40,global,int,,,read/write in flow,internal scratch/accumulator; inferred from usage,"start,f0_15",auto-generated
G_i_41,global,int,,,read/write in flow,internal scratch/accumulator; inferred from usage,"start,f0_15",auto-generated
G_i_42,global,int,,,read/write in flow,internal scratch/accumulator; inferred from usage,start,auto-generated
G_d_15,global,double,,,read/write in flow,internal scratch/accumulator; inferred from usage,start,auto-generated
G_i_43,global,int,,,read/write in flow,internal scratch/accumulator; inferred from usage,"start,f0_15",auto-generated
G_i_44,global,int,,,read/write in flow,internal scratch/accumulator; inferred from usage,"start,f0_15",auto-generated
G_d_16,global,double,,,read/write in flow,internal scratch/accumulator; inferred from usage,start,auto-generated
G_i_45,global,int,,,read/write in flow,internal scratch/accumulator; inferred from usage,start,auto-generated
G_i_46,global,int,,,read/write in flow,internal scratch/accumulator; inferred from usage,"start,f0_15",auto-generated
G_b_0,global,bool,,,read/write in flow,internal scratch/accumulator; inferred from usage,"start,f0_15",auto-generated
G_d_17,global,double,,,read/write in flow,internal scratch/accumulator; inferred from usage,start,auto-generated
G_d_18,global,double,,,read/write in flow,internal scratch/accumulator; inferred from usage,start,auto-generated
G_i_47,global,int,,,read/write in flow,internal scratch/accumulator; inferred from usage,start,auto-generated
G_i_48,global,int,,,read/write in flow,internal scratch/accumulator; inferred from usage,start,auto-generated
G_d_19,global,double,,,read/write in flow,internal scratch/accumulator; inferred from usage,start,auto-generated
G_i_49,global,int,,,read/write in flow,internal scratch/accumulator; inferred from usage,start,auto-generated
G_i_50,global,int,,,read/write in flow,internal scratch/accumulator; inferred from usage,start,auto-generated
G_i_51,global,int,,,read/write in flow,internal scratch/accumulator; inferred from usage,start,auto-generated
G_d_20,global,double,,,read/write in flow,internal scratch/accumulator; inferred from usage,start,auto-generated
G_d_21,global,double,,,read/write in flow,internal scratch/accumulator; inferred from usage,start,auto-generated
G_i_52,global,int,,,read/write in flow,internal scratch/accumulator; inferred from usage,start,auto-generated
G_i_53,global,int,,,read/write in flow,internal scratch/accumulator; inferred from usage,start,auto-generated
G_d_22,global,double,,,read/write in flow,internal scratch/accumulator; inferred from usage,start,auto-generated
G_i_54,global,int,,,read/write in flow,internal scratch/accumulator; inferred from usage,start,auto-generated
G_i_55,global,int,,,read/write in flow,internal scratch/accumulator; inferred from usage,start,auto-generated
G_i_56,global,int,,,read/write in flow,internal scratch/accumulator; inferred from usage,start,auto-generated
G_b_1,global,bool,,,read/write in flow,internal scratch/accumulator; inferred from usage,start,auto-generated
G_d_23,global,double,,,read/write in flow,internal scratch/accumulator; inferred from usage,start,auto-generated
G_d_24,global,double,,,read/write in flow,internal scratch/accumulator; inferred from usage,start,auto-generated
G_i_57,global,int,,,read/write in flow,internal scratch/accumulator; inferred from usage,start,auto-generated
G_i_58,global,int,,,read/write in flow,internal scratch/accumulator; inferred from usage,start,auto-generated
G_d_25,global,double,,,read/write in flow,internal scratch/accumulator; inferred from usage,start,auto-generated
G_i_59,global,int,,,read/write in flow,internal scratch/accumulator; inferred from usage,start,auto-generated
G_i_60,global,int,,,read/write in flow,internal scratch/accumulator; inferred from usage,start,auto-generated
G_i_61,global,int,,,read/write in flow,internal scratch/accumulator; inferred from usage,start,auto-generated
G_d_26,global,double,,,read/write in flow,internal scratch/accumulator; inferred from usage,start,auto-generated
G_d_27,global,double,,,read/write in flow,internal scratch/accumulator; inferred from usage,start,auto-generated
G_i_62,global,int,,,read/write in flow,internal scratch/accumulator; inferred from usage,start,auto-generated
G_i_63,global,int,,,read/write in flow,internal scratch/accumulator; inferred from usage,start,auto-generated
G_d_28,global,double,,,read/write in flow,internal scratch/accumulator; inferred from usage,start,auto-generated
G_i_64,global,int,,,read/write in flow,internal scratch/accumulator; inferred from usage,start,auto-generated
G_i_65,global,int,,,read/write in flow,internal scratch/accumulator; inferred from usage,start,auto-generated
G_i_66,global,int,,,read/write in flow,internal scratch/accumulator; inferred from usage,start,auto-generated
G_i_67,global,int,,,read/write in flow,internal scratch/accumulator; inferred from usage,start,auto-generated
G_i_68,global,int,,,read/write in flow,internal scratch/accumulator; inferred from usage,start,auto-generated
I_b_2,global,bool,,,read/write in flow,internal scratch/accumulator; inferred from usage,,auto-generated
G_b_3,global,bool,,,read/write in flow,internal scratch/accumulator; inferred from usage,,auto-generated
G_d_29,global,double,,,read/write in flow,internal scratch/accumulator; inferred from usage,start,auto-generated
I_d_30,global,double,,,read/write in flow,internal scratch/accumulator; inferred from usage,"init,start",auto-generated
G_d_31,global,double,,,read/write in flow,internal scratch/accumulator; inferred from usage,start,auto-generated
I_d_32,global,double,,,read/write in flow,internal scratch/accumulator; inferred from usage,,auto-generated
G_b_4,global,bool,,,read/write in flow,internal scratch/accumulator; inferred from usage,,auto-generated
I_s_1,global,string,,,read/write in flow,internal scratch/accumulator; inferred from usage,start,auto-generated
I_b_5,global,bool,,,read/write in flow,internal scratch/accumulator; inferred from usage,"init,start",auto-generated
G_d_33,global,double,,,read/write in flow,internal scratch/accumulator; inferred from usage,start,auto-generated
G_l_1,global,long,,,read/write in flow,internal scratch/accumulator; inferred from usage,start,auto-generated
I_l_2,global,long,,,read/write in flow,internal scratch/accumulator; inferred from usage,,auto-generated
G_i_70,global,int,,,read/write in flow,internal scratch/accumulator; inferred from usage,start,auto-generated
I_b_7,global,bool,,,read/write in flow,internal scratch/accumulator; inferred from usage,"init,start,f0_18",auto-generated
I_i_71,global,int,,,read/write in flow,Working MAGIC number alias assigned from I_i_0; used for all OrderSelect filters.,"init,start,f0_1,f0_18",auto-generated
I_d_34,global,double,,,read/write in flow,Slippage in points for closes/entries (default ~5).,"init,start",auto-generated
G_i_73,global,int,,,read/write in flow,internal scratch/accumulator; inferred from usage,start,auto-generated
G_i_75,global,int,,,read/write in flow,internal scratch/accumulator; inferred from usage,start,auto-generated
G_b_9,global,bool,,,read/write in flow,internal scratch/accumulator; inferred from usage,start,auto-generated
I_d_43,global,double,,,read/write in flow,Sticky record of AccountBalance() to detect deposits/withdrawals; reset when flat.,"init,start",auto-generated
I_b_10,global,bool,,,read/write in flow,internal scratch/accumulator; inferred from usage,"init,start",auto-generated
I_d_44,global,double,,,read/write in flow,Active base lot for the next order (evolves via Averaging and LotMultiplikator/additive mode).,"init,start",auto-generated
I_i_76,global,int,,,read/write in flow,Internal progression counter for “Averaging”. Increments after each successful OrderSend; reset to -2 after bump.,"init,start,f0_15",auto-generated
I_i_77,global,int,,,read/write in flow,"Lot progression mode flag: 1 → multiplicative (use LotMultiplikator), else additive (add Lot).","init,start",auto-generated
I_d_45,global,double,,,read/write in flow,Either LotMultiplikator (when I_i_77==1) or Lot (when additive mode).,"init,start",auto-generated
I_d_46,global,double,,,read/write in flow,Copy of TakeProfit (POINTS).,"init,start",auto-generated
I_d_47,global,double,,,read/write in flow,Copy of Step (POINTS).,"init,start",auto-generated
I_b_11,global,bool,,,read/write in flow,Enable hour-of-day session gating using Open_Hour/Close_Hour.,"init,start",auto-generated
I_i_78,global,int,,,read/write in flow,internal scratch/accumulator; inferred from usage,"init,start",auto-generated
I_i_79,global,int,,,read/write in flow,internal scratch/accumulator; inferred from usage,"init,start",auto-generated
I_b_12,global,bool,,,read/write in flow,internal scratch/accumulator; inferred from usage,"init,start",auto-generated
I_d_48,global,double,,,read/write in flow,Weighted average open price across current basket (both buy/sell separately in context).,"init,start",auto-generated
I_d_49,global,double,,,read/write in flow,internal scratch/accumulator; inferred from usage,"init,start",auto-generated
I_d_50,global,double,,,read/write in flow,internal scratch/accumulator; inferred from usage,"init,start",auto-generated
I_b_13,global,bool,,,read/write in flow,internal scratch/accumulator; inferred from usage,"init,start",auto-generated
G_l_3,global,long,,,read/write in flow,internal scratch/accumulator; inferred from usage,start,auto-generated
G_l_4,global,long,,,read/write in flow,internal scratch/accumulator; inferred from usage,start,auto-generated
I_i_80,global,int,,,read/write in flow,internal scratch/accumulator; inferred from usage,"init,start",auto-generated
G_i_81,global,int,,,read/write in flow,internal scratch/accumulator; inferred from usage,start,auto-generated
I_i_84,global,int,,,read/write in flow,internal scratch/accumulator; inferred from usage,"init,start",auto-generated
G_d_55,global,double,,,read/write in flow,Absolute drawdown amount (fabs(G_d_4)) used against equity risk threshold.,start,auto-generated
G_d_56,global,double,,,read/write in flow,TotalEquityRisk expressed as a fraction (TotalEquityRisk/100).,start,auto-generated
G_i_85,global,int,,,read/write in flow,internal scratch/accumulator; inferred from usage,start,auto-generated
I_d_57,global,double,,,read/write in flow,internal scratch/accumulator; inferred from usage,"init,start",auto-generated
I_d_58,global,double,,,read/write in flow,internal scratch/accumulator; inferred from usage,"init,start",auto-generated
G_i_87,global,int,,,read/write in flow,internal scratch/accumulator; inferred from usage,start,auto-generated
I_b_16,global,bool,,,read/write in flow,Flag: “we need to synchronize TP across basket now.”,"init,start",auto-generated
I_i_88,global,int,,,read/write in flow,Current count of open market orders for this symbol/magic (buy+sell).,"init,start",auto-generated
I_b_17,global,bool,,,read/write in flow,Flag: “we have at least one order that needs TP update.”,"init,start",auto-generated
I_b_18,global,bool,,,read/write in flow,Has BUY positions open (flag toggled by scans).,"init,start",auto-generated
I_b_19,global,bool,,,read/write in flow,Has SELL positions open (flag toggled by scans).,"init,start",auto-generated
I_d_63,global,double,,,read/write in flow,Price of most recent BUY (or running ref) used to measure Step distance.,"init,start",auto-generated
I_d_64,global,double,,,read/write in flow,Price of most recent SELL (or running ref) used to measure Step distance.,"init,start",auto-generated
I_b_20,global,bool,,,read/write in flow,"Volume gate flag. When true, uses tick-volume thresholds (e.g., Volume[0] < 5/2) in add logic.","init,start",auto-generated
G_d_65,global,double,,,read/write in flow,internal scratch/accumulator; inferred from usage,start,auto-generated
I_b_22,global,bool,,,read/write in flow,“OK to add” flag once Step distance from last entry is satisfied.,"init,start",auto-generated
I_d_66,global,double,,,read/write in flow,internal scratch/accumulator; inferred from usage,"init,start",auto-generated
G_i_89,global,int,,,read/write in flow,internal scratch/accumulator; inferred from usage,start,auto-generated
I_b_23,global,bool,,,read/write in flow,Kill-switch flag for reversing/closing current side immediately (rarely set; default false).,"init,start",auto-generated
I_d_67,global,double,,,read/write in flow,"Lot rounding precision (digits) used in NormalizeDouble for lots (e.g., 2).","init,start",auto-generated
I_d_69,global,double,,,read/write in flow,Lot size decision for the imminent OrderSend (normalized/rounded).,"init,start",auto-generated
I_b_24,global,bool,,,read/write in flow,internal scratch/accumulator; inferred from usage,"init,start",auto-generated
I_i_90,global,int,,,read/write in flow,"Copy of I_i_88 used as step index for lot progression (e.g., pow(multiplier, I_i_90)).","init,start",auto-generated
I_s_2,global,string,,,read/write in flow,"EA display name string (""Euro Scalper"").","init,start",auto-generated
G_i_91,global,int,,,read/write in flow,internal scratch/accumulator; inferred from usage,start,auto-generated
I_i_92,global,int,,,read/write in flow,internal scratch/accumulator; inferred from usage,"init,start",auto-generated
G_d_70,global,double,,,read/write in flow,internal scratch/accumulator; inferred from usage,start,auto-generated
G_i_93,global,int,,,read/write in flow,internal scratch/accumulator; inferred from usage,start,auto-generated
G_i_97,global,int,,,read/write in flow,internal scratch/accumulator; inferred from usage,start,auto-generated
I_d_74,global,double,,,read/write in flow,internal scratch/accumulator; inferred from usage,"init,start",auto-generated
I_d_75,global,double,,,read/write in flow,internal scratch/accumulator; inferred from usage,"init,start",auto-generated
I_i_98,global,int,,,read/write in flow,"Lot sizing mode: 0=fixed, 1=progression on current cycle start, 2=progression based on last losing closed trade.","init,start",auto-generated
G_i_99,global,int,,,read/write in flow,internal scratch/accumulator; inferred from usage,start,auto-generated
G_l_5,global,long,,,read/write in flow,internal scratch/accumulator; inferred from usage,start,auto-generated
I_d_76,global,double,,,read/write in flow,internal scratch/accumulator; inferred from usage,"init,start",auto-generated
G_d_77,global,double,,,read/write in flow,internal scratch/accumulator; inferred from usage,start,auto-generated
G_i_100,global,int,,,read/write in flow,internal scratch/accumulator; inferred from usage,start,auto-generated
G_d_78,global,double,,,read/write in flow,internal scratch/accumulator; inferred from usage,start,auto-generated
I_d_79,global,double,,,read/write in flow,internal scratch/accumulator; inferred from usage,,auto-generated
I_d_80,global,double,,,read/write in flow,Computed TP price for basket (per side) using I_d_48 ± I_d_46*_Point.,"init,start",auto-generated
I_d_81,global,double,,,read/write in flow,internal scratch/accumulator; inferred from usage,"init,start",auto-generated
I_d_82,global,double,,,read/write in flow,Extra offset in points for alternate TP/BE calc (unused: stays 0 in this build).,"init,start,f0_15",auto-generated
I_d_83,global,double,,,read/write in flow,internal scratch/accumulator; inferred from usage,"init,start",auto-generated
I_d_84,global,double,,,read/write in flow,internal scratch/accumulator; inferred from usage,"init,start",auto-generated
G_i_102,global,int,,,read/write in flow,internal scratch/accumulator; inferred from usage,start,auto-generated
G_l_6,global,long,,,read/write in flow,internal scratch/accumulator; inferred from usage,start,auto-generated
G_l_7,global,long,,,read/write in flow,internal scratch/accumulator; inferred from usage,start,auto-generated
G_i_105,global,int,,,read/write in flow,internal scratch/accumulator; inferred from usage,start,auto-generated
G_i_106,global,int,,,read/write in flow,internal scratch/accumulator; inferred from usage,start,auto-generated
G_l_8,global,long,,,read/write in flow,internal scratch/accumulator; inferred from usage,start,auto-generated
G_l_9,global,long,,,read/write in flow,internal scratch/accumulator; inferred from usage,start,auto-generated
G_i_110,global,int,,,read/write in flow,internal scratch/accumulator; inferred from usage,start,auto-generated
G_i_111,global,int,,,read/write in flow,internal scratch/accumulator; inferred from usage,start,auto-generated
G_i_112,global,int,,,read/write in flow,internal scratch/accumulator; inferred from usage,start,auto-generated
G_l_10,global,long,,,read/write in flow,internal scratch/accumulator; inferred from usage,start,auto-generated
G_l_11,global,long,,,read/write in flow,internal scratch/accumulator; inferred from usage,start,auto-generated
G_i_115,global,int,,,read/write in flow,internal scratch/accumulator; inferred from usage,start,auto-generated
G_l_12,global,long,,,read/write in flow,internal scratch/accumulator; inferred from usage,start,auto-generated
G_l_13,global,long,,,read/write in flow,internal scratch/accumulator; inferred from usage,start,auto-generated
G_i_119,global,int,,,read/write in flow,internal scratch/accumulator; inferred from usage,start,auto-generated
G_l_14,global,long,,,read/write in flow,internal scratch/accumulator; inferred from usage,start,auto-generated
G_l_15,global,long,,,read/write in flow,internal scratch/accumulator; inferred from usage,start,auto-generated
G_i_124,global,int,,,read/write in flow,internal scratch/accumulator; inferred from usage,start,auto-generated
G_l_16,global,long,,,read/write in flow,internal scratch/accumulator; inferred from usage,start,auto-generated
G_l_17,global,long,,,read/write in flow,internal scratch/accumulator; inferred from usage,start,auto-generated
G_d_104,global,double,,,read/write in flow,internal scratch/accumulator; inferred from usage,start,auto-generated
I_d_105,global,double,,,read/write in flow,Percent used to compute dynamic base lot if not fixed (AccountBalance%/10000 heuristic).,"init,start",auto-generated
I_s_3,global,string,,,read/write in flow,EA display name duplicate.,init,auto-generated
I_i_129,global,int,,,read/write in flow,internal scratch/accumulator; inferred from usage,init,auto-generated
I_s_4,global,string,,,read/write in flow,"UI hint text: ""MARTIN 1 - on. 2 - off."" for I_i_98.",init,auto-generated
I_s_5,global,string,,,read/write in flow,internal scratch/accumulator; inferred from usage,init,auto-generated
I_s_6,global,string,,,read/write in flow,internal scratch/accumulator; inferred from usage,init,auto-generated
I_s_7,global,string,,,read/write in flow,internal scratch/accumulator; inferred from usage,init,auto-generated
I_i_130,global,int,,,read/write in flow,internal scratch/accumulator; inferred from usage,init,auto-generated
I_i_131,global,int,,,read/write in flow,internal scratch/accumulator; inferred from usage,"init,f0_1",auto-generated
I_i_132,global,int,,,read/write in flow,internal scratch/accumulator; inferred from usage,"init,f0_1",auto-generated
I_i_133,global,int,,,read/write in flow,internal scratch/accumulator; inferred from usage,init,auto-generated
I_i_134,global,int,,,read/write in flow,internal scratch/accumulator; inferred from usage,init,auto-generated
I_i_135,global,int,,,read/write in flow,internal scratch/accumulator; inferred from usage,init,auto-generated
I_i_136,global,int,,,read/write in flow,internal scratch/accumulator; inferred from usage,init,auto-generated
I_i_137,global,int,,,read/write in flow,internal scratch/accumulator; inferred from usage,init,auto-generated
I_b_43,global,bool,,,read/write in flow,internal scratch/accumulator; inferred from usage,init,auto-generated
I_s_8,global,string,,,read/write in flow,internal scratch/accumulator; inferred from usage,,auto-generated
I_s_9,global,string,,,read/write in flow,internal scratch/accumulator; inferred from usage,init,auto-generated
G_d_106,global,double,,,read/write in flow,internal scratch/accumulator; inferred from usage,"f0_1,f0_15,f0_18",auto-generated
G_d_108,global,double,,,read/write in flow,internal scratch/accumulator; inferred from usage,f0_15,auto-generated
G_l_20,global,long,,,read/write in flow,internal scratch/accumulator; inferred from usage,f0_1,auto-generated
G_l_21,global,long,,,read/write in flow,internal scratch/accumulator; inferred from usage,f0_1,auto-generated
G_l_22,global,long,,,read/write in flow,internal scratch/accumulator; inferred from usage,f0_1,auto-generated
G_l_23,global,long,,,read/write in flow,internal scratch/accumulator; inferred from usage,f0_1,auto-generated
G_d_109,global,double,,,read/write in flow,internal scratch/accumulator; inferred from usage,f0_15,auto-generated
G_d_110,global,double,,,read/write in flow,internal scratch/accumulator; inferred from usage,f0_15,auto-generated
G_d_111,global,double,,,read/write in flow,internal scratch/accumulator; inferred from usage,f0_15,auto-generated
G_d_112,global,double,,,read/write in flow,internal scratch/accumulator; inferred from usage,f0_15,auto-generated
G_d_113,global,double,,,read/write in flow,internal scratch/accumulator; inferred from usage,f0_15,auto-generated
G_d_114,global,double,,,read/write in flow,internal scratch/accumulator; inferred from usage,f0_15,auto-generated
G_d_115,global,double,,,read/write in flow,internal scratch/accumulator; inferred from usage,f0_15,auto-generated
G_d_116,global,double,,,read/write in flow,internal scratch/accumulator; inferred from usage,f0_15,auto-generated
G_d_117,global,double,,,read/write in flow,internal scratch/accumulator; inferred from usage,f0_15,auto-generated
G_d_118,global,double,,,read/write in flow,internal scratch/accumulator; inferred from usage,f0_15,auto-generated
G_d_119,global,double,,,read/write in flow,internal scratch/accumulator; inferred from usage,f0_15,auto-generated
G_d_120,global,double,,,read/write in flow,internal scratch/accumulator; inferred from usage,f0_15,auto-generated
G_i_139,global,int,,,read/write in flow,internal scratch/accumulator; inferred from usage,f0_15,auto-generated
G_d_121,global,double,,,read/write in flow,internal scratch/accumulator; inferred from usage,f0_15,auto-generated
G_d_122,global,double,,,read/write in flow,internal scratch/accumulator; inferred from usage,f0_15,auto-generated
G_d_123,global,double,,,read/write in flow,internal scratch/accumulator; inferred from usage,f0_15,auto-generated
G_d_124,global,double,,,read/write in flow,internal scratch/accumulator; inferred from usage,f0_15,auto-generated
G_b_44,global,bool,,,read/write in flow,internal scratch/accumulator; inferred from usage,f0_15,auto-generated
G_d_125,global,double,,,read/write in flow,internal scratch/accumulator; inferred from usage,f0_15,auto-generated
G_d_126,global,double,,,read/write in flow,internal scratch/accumulator; inferred from usage,f0_15,auto-generated
G_b_45,global,bool,,,read/write in flow,internal scratch/accumulator; inferred from usage,f0_15,auto-generated
G_i_143,global,int,,,read/write in flow,internal scratch/accumulator; inferred from usage,f0_15,auto-generated
G_b_46,global,bool,,,read/write in flow,internal scratch/accumulator; inferred from usage,f0_15,auto-generated
G_b_47,global,bool,,,read/write in flow,internal scratch/accumulator; inferred from usage,f0_15,auto-generated
G_d_127,global,double,,,read/write in flow,internal scratch/accumulator; inferred from usage,f0_15,auto-generated
G_d_128,global,double,,,read/write in flow,internal scratch/accumulator; inferred from usage,f0_15,auto-generated
G_i_146,global,int,,,read/write in flow,internal scratch/accumulator; inferred from usage,f0_15,auto-generated
G_b_48,global,bool,,,read/write in flow,internal scratch/accumulator; inferred from usage,f0_15,auto-generated
returned_double,global,double,,,read/write in flow,internal scratch/accumulator; inferred from usage,"start,f0_18",auto-generated
